﻿{
  "Company": [
    {
      "Customer": "abc",
      "Project": [
        {
          "ProjectName": "P1",
          "BillingMode": "Time & Material",
          "Payments": [
            {
              "date": "20/07/2023",
              "type": "Credit",
              "amount": 100
            },
            {
              "date": "20/07/2023",
              "type": "Debit",
              "amount": 50
            }
          ]
        },
        {
          "ProjectName": "P2",
          "BillingMode": "Milestone_Based",
          "Payments": [
            {
              "date": "20/07/2023",
              "type": "Credit",
              "amount": 100
            },
            {
              "date": "20/07/2023",
              "type": "Debit",
              "amount": 50
            }
          ]
        }
      ]
    }
  ]
}